target_id	latest_stage_observed	has_any_generated_output	has_prothunt_output	has_af3_inputs	has_af3_results	has_filtered_af3_models	prothunt_output_dir_count	af3_input_json_count	af3_template_cif_count	af3_result_dir_count	filtered_child_dir_count	filtered_child_file_count	filtered_cif_file_count	filtered_pdb_file_count	filtered_json_file_count	prothunt_roots	prothunt_conf_gen_results_child_dir_count	prothunt_conf_gen_results_child_file_count	prothunt_dataset_root_child_dir_count	prothunt_dataset_root_child_file_count	overlaps_1000_train	overlaps_1000_test	overlaps_1000_all	overlaps_1000_trained_ids	first_seen_mtime_iso	latest_seen_mtime_iso	tierb_has_sequence	tierb_pass_vhvl80	tierb_fail_reason	max_vhvl_identity_to_1000_all	nearest_vhvl_target_1000_all	max_vh_identity_to_1000_all	nearest_vh_target_1000_all	max_vl_identity_to_1000_all	nearest_vl_target_1000_all
1g7l	af3_results	True	True	True	True		1	100	100	100						prothunt_conf_gen_results	0	2097			False	False	False	False	2026-05-08T21:33:14-0400	2026-06-24T20:13:16-0400	True	False	max_vhvl_identity_ge_0.80	0.986301	1g7j	0.982143	1g7j	0.990654	1a2y
2dd8	filtered_af3_models	True	False	True	True	True		100	100	100	100	0	0	0	0						False	False	False	False	2026-05-28T07:16:57-0400	2026-06-24T15:37:48-0400	True	True		0.785088	8fi9	0.844262	5ggt	0.934579	1adq
2fed	filtered_af3_models	True	False	True	True	True		100	100	100	100	0	0	0	0						False	False	False	False	2026-05-28T08:13:43-0400	2026-06-24T15:42:21-0400	True	False	max_vhvl_identity_ge_0.80	1.000000	1ots	1.000000	1ots	1.000000	1ots
2fee	filtered_af3_models	True	False	True	True	True		100	100	100	100	0	0	0	0						False	False	False	False	2026-05-28T08:19:47-0400	2026-06-24T15:43:05-0400	True	False	max_vhvl_identity_ge_0.80	1.000000	1ots	1.000000	1ots	1.000000	1ots
2fjg	af3_results	True	False	True	True			100	100	100											False	False	False	False	2026-06-25T16:00:49-0400	2026-06-25T23:34:57-0400	True	False	max_vhvl_identity_ge_0.80	0.933921	2r0k	0.883333	5x8l	1.000000	2r0k
2hfe	af3_results	True	False	False	True					100											False	False	False	False	2026-05-28T08:29:58-0400	2026-05-28T08:34:59-0400	True	False	max_vhvl_identity_ge_0.80	1.000000	1k4c	1.000000	1k4c	1.000000	1k4c
2hvj	af3_results	True	False	True	True			100	100	100											False	False	False	False	2026-05-28T08:40:44-0400	2026-06-25T17:02:18-0400	True	False	max_vhvl_identity_ge_0.80	0.995556	1k4c	0.991525	1k4c	1.000000	1k4c
2i5y	af3_results	True	False	False	True					100											False	False	False	False	2026-05-28T08:50:56-0400	2026-05-28T08:56:46-0400	True	False	max_vhvl_identity_ge_0.80	1.000000	1rzj	1.000000	1rzj	1.000000	1rzj
2i60	af3_results	True	False	True	True			100	100	100											False	False	False	False	2026-06-23T11:46:39-0400	2026-06-24T23:28:00-0400	True	False	max_vhvl_identity_ge_0.80	0.995781	1rzj	0.992188	1rzj	1.000000	1rzj
2itc	af3_results	True	False	True	True			100	100	100											False	False	False	False	2026-05-28T08:56:49-0400	2026-06-25T17:15:11-0400	True	False	max_vhvl_identity_ge_0.80	1.000000	1k4c	1.000000	1k4c	1.000000	1k4c
2itd	af3_results	True	False	True	True			100	100	100											False	False	False	False	2026-05-28T09:02:20-0400	2026-06-25T17:05:04-0400	True	False	max_vhvl_identity_ge_0.80	1.000000	1k4c	1.000000	1k4c	1.000000	1k4c
2ny2	af3_results	True	False	True	True			100	100	100											False	False	False	False	2026-05-28T09:17:16-0400	2026-06-25T17:32:00-0400	True	False	max_vhvl_identity_ge_0.80	1.000000	1rzj	1.000000	1rzj	1.000000	1rzj
2ny5	af3_results	True	False	True	True			57	57	100											False	False	False	False	2026-05-28T09:23:10-0400	2026-06-25T20:37:51-0400	True	False	max_vhvl_identity_ge_0.80	1.000000	1rzj	1.000000	1rzj	1.000000	1rzj
2osl	af3_results	True	False	False	True					100											False	False	False	False	2026-05-28T09:38:06-0400	2026-05-28T09:49:01-0400	True	False	max_vhvl_identity_ge_0.80	0.894737	3bky	0.868852	3bky	0.952830	4qnp
2p7t	af3_results	True	False	True	True			100	100	25											False	False	False	False	2026-06-25T17:56:34-0400	2026-06-25T23:58:32-0400	True	False	max_vhvl_identity_ge_0.80	1.000000	1k4c	1.000000	1k4c	1.000000	1k4c
2p8p	af3_results	True	False	False	True					100											False	False	False	False	2026-05-28T09:49:06-0400	2026-05-28T09:57:45-0400	True	False	max_vhvl_identity_ge_0.80	1.000000	1tjg	1.000000	1tjg	1.000000	1tjg
2qsc	af3_results	True	False	False	True					100											False	False	False	False	2026-05-28T09:57:49-0400	2026-05-28T10:05:35-0400	True	True		0.774892	7bel	0.734375	3bn9	0.879630	7bel
2r9h	af3_results	True	False	False	True					100											False	False	False	False	2026-05-28T10:05:40-0400	2026-05-28T10:12:50-0400	True	False	max_vhvl_identity_ge_0.80	1.000000	1ots	1.000000	1ots	1.000000	1ots
2ybr	af3_results	True	False	True	True			100	100	100											False	False	False	False	2026-05-28T10:26:32-0400	2026-06-25T19:35:37-0400	True	True		0.781250	7kn7	0.784483	5d70	0.850467	5ggt
3b2u	af3_results	True	False	True	True			100	100	100											False	False	False	False	2026-06-23T11:18:22-0400	2026-06-25T02:12:21-0400	True	False	max_vhvl_identity_ge_0.80	0.850877	9mpw	0.859504	8zhk	0.934579	7lf1
3bgf	af3_results	True	False	True	True			100	100	100											False	False	False	False	2026-06-22T04:20:03-0400	2026-06-25T04:56:36-0400	True	True		0.750000	4ki5	0.785124	3bsz	0.915888	4ki5
3fb8	af3_results	True	False	False	True					100											False	False	False	False	2026-05-28T11:18:21-0400	2026-05-28T11:23:54-0400	True	False	max_vhvl_identity_ge_0.80	1.000000	1k4c	1.000000	1k4c	1.000000	1k4c
3idj	af3_results	True	False	True	True			100	100	100											False	False	False	False	2026-06-22T04:20:18-0400	2026-06-25T07:38:46-0400	True	False	max_vhvl_identity_ge_0.80	1.000000	1tjg	1.000000	1tjg	1.000000	1tjg
3j6u	af3_results	True	False	True	True			100	100	100											False	False	False	False	2026-06-20T14:53:44-0400	2026-06-25T10:45:55-0400	True	False	max_vhvl_identity_ge_0.80	0.818584	7k9z	0.784000	4xak	0.906542	7qf1
3ngb	af3_results	True	False	False	True					100											False	False	False	False	2026-05-28T11:29:05-0400	2026-05-28T11:37:04-0400	True	False	max_vhvl_identity_ge_0.80	0.910714	4olu	0.848000	4olu	0.990099	4s1q
3or6	af3_results	True	False	True	True			100	100	100											False	False	False	False	2026-05-28T12:10:25-0400	2026-06-26T00:37:08-0400	True	False	max_vhvl_identity_ge_0.80	1.000000	1k4c	1.000000	1k4c	1.000000	1k4c
3rif	af3_results	True	False	True	True			100	100	100											False	False	False	False	2026-06-22T06:35:53-0400	2026-06-25T13:58:03-0400	True	False	max_vhvl_identity_ge_0.80	1.000000	3rhw	1.000000	3rhw	1.000000	3rhw
3skj	af3_results	True	False	False	True					100											False	False	False	False	2026-05-28T12:34:43-0400	2026-05-28T12:40:35-0400	True	False	max_vhvl_identity_ge_0.80	0.817021	9o54	0.812500	3hae	0.925234	8u1s
3ulv	af3_results	True	False	True	True			100	100	100											False	False	False	False	2026-05-28T12:46:19-0400	2026-06-27T18:37:23-0400	True	False	max_vhvl_identity_ge_0.80	0.853448	7lm9	0.809917	3hmx	0.916667	6zdg
3v4u	af3_results	True	False	True	True			100	100	100											False	False	False	False	2026-06-22T04:22:01-0400	2026-06-25T16:38:20-0400	True	False	max_vhvl_identity_ge_0.80	0.995614	3uyr	0.991453	3uyr	1.000000	3uyr
3vg9	af3_results	True	False	True	True			100	100	100											False	False	False	False	2026-06-22T06:45:44-0400	2026-06-25T19:56:52-0400	True	False	max_vhvl_identity_ge_0.80	1.000000	3vga	1.000000	3vga	1.000000	3vga
3wlw	af3_results	True	False	True	True			100	100	25											False	False	False	False	2026-06-22T06:39:07-0400	2026-06-25T20:38:12-0400	True	False	max_vhvl_identity_ge_0.80	0.837004	6d2p	0.852459	9c0u	0.981982	7czw
4dgv	af3_results	True	False	False	True					100											False	False	False	False	2026-05-28T13:22:02-0400	2026-05-28T13:31:19-0400	True	False	max_vhvl_identity_ge_0.80	1.000000	4dgy	1.000000	4dgy	1.000000	4dgy
4ffz	filtered_af3_models	True	False	True	True	True		100	100	100	100	0	0	0	0						False	False	False	False	2026-05-28T13:38:17-0400	2026-06-24T15:32:37-0400	True	False	max_vhvl_identity_ge_0.80	1.000000	4ffy	1.000000	4ffy	1.000000	4ffy
4jo3	af3_results	True	False	False	True					100											False	False	False	False	2026-05-28T13:51:59-0400	2026-05-28T13:57:56-0400	True	False	max_vhvl_identity_ge_0.80	0.808333	8gzz	0.784615	8gzz	0.836364	8gzz
4lcu	af3_results	True	False	True	True			100	100	100											False	False	False	False	2026-05-28T14:10:41-0400	2026-06-26T08:16:51-0400	True	False	max_vhvl_identity_ge_0.80	1.000000	1k4c	1.000000	1k4c	1.000000	1k4c
4nrx	af3_results	True	False	False	True					100											False	False	False	False	2026-05-28T14:16:11-0400	2026-05-28T14:21:40-0400	True	False	max_vhvl_identity_ge_0.80	0.831224	7lm9	0.800000	9cpu	0.935185	7ek0
4ris	af3_results	True	False	False	True					100											False	False	False	False	2026-05-28T14:31:09-0400	2026-05-28T14:37:40-0400	True	True		0.750000	8z6q	0.888889	7lm9	0.963964	7d6i
4xpa	filtered_af3_models	True	False	True	True	True		100	100	100	100	0	0	0	0						False	False	False	False	2026-05-28T15:09:06-0400	2026-06-24T15:42:49-0400	True	False	max_vhvl_identity_ge_0.80	1.000000	4xp6	1.000000	4xp6	1.000000	4xp6
4yxk	af3_results	True	False	False	True					100											False	False	False	False	2026-05-28T15:15:30-0400	2026-05-28T15:22:45-0400	True	False	max_vhvl_identity_ge_0.80	0.814159	1k4c	0.819672	1fbi	0.906542	1k4c
5cez	af3_results	True	False	True	True			100	100	1											False	False	False	False	2026-06-24T19:25:42-0400	2026-06-25T14:22:18-0400	True	True		0.693617	4tvp	0.787879	4yk4	0.660194	4tvp
5ebl	af3_results	True	False	True	True			100	100	100											False	False	False	False	2026-05-28T15:55:25-0400	2026-06-26T12:20:50-0400	True	False	max_vhvl_identity_ge_0.80	1.000000	1k4c	1.000000	1k4c	1.000000	1k4c
5ggv	af3_results	True	False	False	True					100											False	False	False	False	2026-05-28T16:17:02-0400	2026-05-28T16:26:07-0400	True	False	max_vhvl_identity_ge_0.80	0.905172	6zdg	0.904762	7tc9	0.953271	9jcy
5j9p	af3_results	True	False	False	True					100											False	False	False	False	2026-05-28T16:38:29-0400	2026-05-28T16:43:23-0400	True	False	max_vhvl_identity_ge_0.80	1.000000	1k4c	1.000000	1k4c	1.000000	1k4c
5kvg	filtered_af3_models	True	False	True	True	True		100	100	100	100	0	0	0	0						False	False	False	False	2026-05-28T16:43:26-0400	2026-06-24T15:32:02-0400	True	True		0.788288	7wp8	0.735537	2a6i	0.915888	5en2
5tkk	af3_results	True	False	True	True			100	100	100											False	False	False	False	2026-05-19T21:06:59-0400	2026-05-23T20:56:29-0400	True	False	max_vhvl_identity_ge_0.80	0.804444	6n6b	0.796610	1f90	0.934579	5en2
5ucb	filtered_af3_models	True	False	True	True	True		100	100	100	100	0	0	0	0						False	False	False	False	2026-05-28T16:53:47-0400	2026-06-24T15:47:01-0400	True	False	max_vhvl_identity_ge_0.80	0.981982	9awe	0.982906	9awe	0.980952	9awe
5vke	af3_results	True	False	False	True					100											False	False	False	False	2026-05-28T17:13:08-0400	2026-05-28T17:18:15-0400	True	False	max_vhvl_identity_ge_0.80	1.000000	1k4c	1.000000	1k4c	1.000000	1k4c
5wna	af3_results	True	False	False	True					100											False	False	False	False	2026-05-28T17:18:18-0400	2026-05-28T17:23:47-0400	True	True		0.745690	6o24	0.725806	1w72	0.915094	5ggt
6aq7	af3_results	True	False	False	True					100											False	False	False	False	2026-05-28T17:29:51-0400	2026-05-28T17:35:51-0400	True	True		0.690987	9bdh	0.714286	1kb5	0.738739	1i9r
6awq	af3_results	True	False	False	True					100											False	False	False	False	2026-05-28T17:36:00-0400	2026-05-28T17:41:50-0400	True	False	max_vhvl_identity_ge_0.80	1.000000	5i73	1.000000	5i73	1.000000	5i73
6bah	af3_results	True	False	False	True					100											False	False	False	False	2026-05-28T17:53:47-0400	2026-05-28T17:59:14-0400	True	False	max_vhvl_identity_ge_0.80	1.000000	5u5f	1.000000	5u5f	1.000000	5u5f
6c6y	af3_results	True	False	True	True			100	100	100											False	False	False	False	2026-05-28T17:59:17-0400	2026-06-26T18:59:16-0400	True	False	max_vhvl_identity_ge_0.80	0.830357	2jix	0.837607	2jix	0.859813	7czu
6iuv	af3_results	True	False	False	True					100											False	False	False	False	2026-05-28T18:05:16-0400	2026-05-28T18:11:16-0400	True	True		0.776371	5a3i	0.728000	7lm9	0.919643	9bt5
6l62	af3_results	True	False	False	True					100											False	False	False	False	2026-05-28T18:52:44-0400	2026-05-28T18:58:47-0400	True	True		0.716157	9crv	0.852459	1ynt	0.878505	9crv
6n5b	af3_results	True	False	False	True					100											False	False	False	False	2026-05-28T19:09:27-0400	2026-05-28T19:16:30-0400	True	False	max_vhvl_identity_ge_0.80	0.801724	1sm3	0.836066	6tys	0.990909	2vir
6o3j	af3_results	True	False	True	True			100	100	44											False	False	False	False	2026-06-25T15:51:42-0400	2026-06-25T23:37:25-0400	True	True		0.740426	1tzg	0.677165	1tzg	0.861111	5gmq
6o42	af3_results	True	False	True	True			100	100	100											False	False	False	False	2026-06-25T15:25:03-0400	2026-06-26T01:12:46-0400	True	False	max_vhvl_identity_ge_0.80	0.870690	5gmq	0.880000	4xak	0.962963	7x2k
6oc3	af3_results	True	False	True	True			100	100	100											False	False	False	False	2026-06-22T23:05:25-0400	2026-06-26T02:53:44-0400	True	True		0.793991	2jix	0.761905	2jix	0.878505	1hez
6ohg	af3_results	True	False	True	True			100	100	100											False	False	False	False	2026-06-22T23:12:23-0400	2026-06-26T04:31:24-0400	True	False	max_vhvl_identity_ge_0.80	0.832599	1k4c	0.806723	1e4w	0.907407	1k4c
6p60	af3_results	True	False	True	True			100	100	100											False	False	False	False	2026-05-19T21:57:50-0400	2026-05-23T22:33:29-0400	True	False	max_vhvl_identity_ge_0.80	0.806034	6orp	0.776860	2jix	0.880734	6orp
6pa0	af3_results	True	False	True	True			100	100	100											False	False	False	False	2026-05-28T19:30:47-0400	2026-06-26T20:09:58-0400	True	False	max_vhvl_identity_ge_0.80	1.000000	1k4c	1.000000	1k4c	1.000000	1k4c
6pec	af3_results	True	False	True	True			100	100	100											False	False	False	False	2026-05-19T21:29:01-0400	2026-05-24T00:09:23-0400	True	False	max_vhvl_identity_ge_0.80	0.805310	2jix	0.795082	2jix	0.842593	7b3o
6phd	af3_results	True	False	True	True			100	100	100											False	False	False	False	2026-06-25T08:47:18-0400	2026-06-26T06:09:02-0400	True	True		0.722222	1w72	0.778626	1q1j	0.859813	9cqa
6qb6	af3_results	True	False	True	True			100	100	100											False	False	False	False	2026-05-19T22:19:26-0400	2026-06-19T07:30:36-0400	True	False	max_vhvl_identity_ge_0.80	0.833333	3h42	0.915966	3s36	0.963303	6pzy
6snc	af3_results	True	False	True	True			100	100	100											False	False	False	False	2026-06-23T00:28:15-0400	2026-06-26T07:44:52-0400	True	False	max_vhvl_identity_ge_0.80	0.995745	6snd	0.992188	6snd	1.000000	6snd
6u2f	af3_results	True	False	True	True			100	100	100											False	False	False	False	2026-06-23T01:38:05-0400	2026-06-26T11:06:32-0400	True	True		0.757576	5en2	0.758065	1fpt	0.869159	5en2
6udk	af3_results	True	False	True	True			100	100	100											False	False	False	False	2026-06-25T16:02:04-0400	2026-06-26T13:17:30-0400	True	True		0.613445	7coe	0.553846	7k8x	0.722222	7ch5
6um7	af3_results	True	False	True	True			100	100	100											False	False	False	False	2026-05-28T19:49:41-0400	2026-06-27T16:43:16-0400	True	False	max_vhvl_identity_ge_0.80	0.927966	9aug	0.920635	9aug	0.936364	9aug
6urm	af3_results	True	False	True	True			100	100	100											False	False	False	False	2026-06-23T01:24:55-0400	2026-06-26T14:57:46-0400	True	True		0.733624	9kef	0.786885	3ixt	0.814815	7rxi
6vja	af3_results	True	False	False	True					100											False	False	False	False	2026-05-28T19:56:15-0400	2026-05-28T20:02:32-0400	True	False	max_vhvl_identity_ge_0.80	0.894737	3bky	0.868852	3bky	0.952830	4qnp
6vmj	af3_results	True	False	True	True			100	100	100											False	False	False	False	2026-05-19T22:04:12-0400	2026-06-14T12:40:11-0400	True	False	max_vhvl_identity_ge_0.80	0.817778	9ima	0.822034	1i9r	0.897196	1s78
6vmk	af3_results	True	False	True	True			100	100	100											False	False	False	False	2026-06-25T15:53:30-0400	2026-06-26T16:37:36-0400	True	False	max_vhvl_identity_ge_0.80	0.813333	9ima	0.822034	1i9r	0.887850	1s78
6vrh	af3_results	True	False	True	True			100	100	100											False	False	False	False	2026-05-20T00:31:37-0400	2026-06-19T08:16:19-0400	True	False	max_vhvl_identity_ge_0.80	1.000000	6vrk	1.000000	6vrk	1.000000	6vrk
6w05	af3_results	True	False	True	True			100	100	100											False	False	False	False	2026-06-23T01:13:05-0400	2026-06-26T18:12:57-0400	True	True		0.799127	7yvg	0.837398	6w00	0.887850	9goy
6w2b	af3_results	True	False	False	True					100											False	False	False	False	2026-05-28T20:02:35-0400	2026-05-28T20:08:39-0400	True	False	max_vhvl_identity_ge_0.80	1.000000	5i73	1.000000	5i73	1.000000	5i73
6wir	af3_results	True	False	False	True					100											False	False	False	False	2026-05-28T20:08:42-0400	2026-05-28T20:13:58-0400	True	False	max_vhvl_identity_ge_0.80	0.838298	7kn7	0.811024	8zhg	0.981481	7x2k
6wiz	af3_results	True	False	True	True			100	100	100											False	False	False	False	2026-06-23T02:45:07-0400	2026-06-26T19:58:06-0400	True	True		0.708861	9mqd	0.858268	3h0t	0.863636	9bj3
6wwc	af3_results	True	False	True	True			100	100	100											False	False	False	False	2026-05-18T22:47:08-0400	2026-06-06T18:29:27-0400	True	False	max_vhvl_identity_ge_0.80	0.991304	6wx2	1.000000	6wx2	0.982143	6wx2
6x3s	af3_results	True	False	False	True					100											False	False	False	False	2026-05-28T20:14:02-0400	2026-05-28T20:20:15-0400	True	False	max_vhvl_identity_ge_0.80	1.000000	9crv	1.000000	9crv	1.000000	9crv
6x3w	af3_results	True	False	False	True					100											False	False	False	False	2026-05-28T20:20:19-0400	2026-05-28T20:26:05-0400	True	False	max_vhvl_identity_ge_0.80	1.000000	9drx	1.000000	9drx	1.000000	9drx
6x87	af3_results	True	False	False	True					100											False	False	False	False	2026-05-28T20:26:09-0400	2026-05-28T20:32:04-0400	True	False	max_vhvl_identity_ge_0.80	0.801762	2eh8	0.786885	3bky	0.946429	2w65
6xpy	af3_results	True	False	True	True			100	100	100											False	False	False	False	2026-06-23T03:07:44-0400	2026-06-26T21:59:28-0400	True	False	max_vhvl_identity_ge_0.80	0.820513	4yk4	0.771654	4yk4	0.887850	9pwn
6xq0	af3_results	True	False	True	True			100	100	100											False	False	False	False	2026-05-20T01:29:37-0400	2026-06-06T21:49:42-0400	True	True		0.755274	5ug0	0.713178	5ug0	0.879630	7kn7
6xsk	af3_results	True	False	False	True					100											False	False	False	False	2026-05-28T20:38:26-0400	2026-05-28T20:44:46-0400	True	False	max_vhvl_identity_ge_0.80	0.814655	7yv1	0.768000	2jix	0.879630	7ek0
6xy2	af3_results	True	False	True	True			100	100	100											False	False	False	False	2026-05-20T00:41:29-0400	2026-06-19T08:57:38-0400	True	True		0.792208	1bvk	0.782258	2jix	0.850467	9pwn
6z2m	af3_results	True	False	True	True			100	100	100											False	False	False	False	2026-05-20T01:57:27-0400	2026-05-24T02:06:19-0400	True	False	max_vhvl_identity_ge_0.80	1.000000	6zh9	1.000000	6zh9	1.000000	6zh9
6zfo	af3_results	True	False	True	True			100	100	100											False	False	False	False	2026-05-19T01:02:38-0400	2026-05-24T03:47:53-0400	True	False	max_vhvl_identity_ge_0.80	1.000000	6zdg	1.000000	6zdg	1.000000	6zdg
7b0b	af3_results	True	False	True	True			100	100	100											False	False	False	False	2026-05-19T01:50:42-0400	2026-05-24T05:30:07-0400	True	False	max_vhvl_identity_ge_0.80	0.948276	7l7e	0.934959	7l7e	0.981481	6o2c
7bua	af3_results	True	False	True	True			100	100	100											False	False	False	False	2026-05-19T03:06:00-0400	2026-05-24T09:13:35-0400	True	True		0.769874	4hg4	0.750000	9aug	0.925234	4hg4
7c2s	af3_results	True	False	False	True					100											False	False	False	False	2026-05-28T20:45:49-0400	2026-05-28T20:51:46-0400	True	False	max_vhvl_identity_ge_0.80	1.000000	5h30	1.000000	5h30	1.000000	5h30
7cbp	af3_results	True	False	True	True			100	100	100											False	False	False	False	2026-06-23T04:27:05-0400	2026-06-27T03:03:52-0400	True	True		0.784483	6o24	0.811475	3gjf	0.842593	5ggt
7cdi	af3_results	True	False	True	True			100	100	100											False	False	False	False	2026-06-20T14:28:20-0400	2026-06-27T04:41:22-0400	True	False	max_vhvl_identity_ge_0.80	1.000000	7x2k	1.000000	7e8m	1.000000	7x2k
7cdj	af3_results	True	False	True	True			100	100	100											False	False	False	False	2026-06-23T05:03:07-0400	2026-06-27T06:20:10-0400	True	False	max_vhvl_identity_ge_0.80	0.876106	7b3o	0.908333	6xdg	0.944444	7b3o
7chy	af3_results	True	False	True	True			100	100	100											False	False	False	False	2026-05-19T02:58:27-0400	2026-05-24T10:53:22-0400	True	False	max_vhvl_identity_ge_0.80	0.888889	5x8l	0.864407	2r0k	0.915888	3efd
7cwo	af3_results	True	False	True	True			100	100	100											False	False	False	False	2026-05-19T03:47:29-0400	2026-05-24T14:18:18-0400	True	False	max_vhvl_identity_ge_0.80	0.912281	1hez	0.889831	6rp8	0.981308	9jcy
7cwt	af3_results	True	False	True	True			100	100	100											False	False	False	False	2026-06-23T06:28:06-0400	2026-06-27T09:47:56-0400	True	True		0.767241	1h0d	0.805085	4ojf	0.788991	6b3m
7cyh	af3_results	True	False	True	True			100	100	100											False	False	False	False	2026-06-23T06:17:06-0400	2026-06-27T11:26:18-0400	True	True		0.771552	1h0d	0.806723	4ojf	0.788991	6b3m
7czt	af3_results	True	False	True	True			100	100	100											False	False	False	False	2026-05-19T06:30:59-0400	2026-05-24T16:31:15-0400	True	True		0.736170	6pzw	0.933333	8f0i	0.586207	6nip
7czv	af3_results	True	False	True	True			100	100	100											False	False	False	False	2026-05-19T07:54:41-0400	2026-05-24T18:47:03-0400	True	False	max_vhvl_identity_ge_0.80	1.000000	7czu	1.000000	7czu	1.000000	7czu
7dk0	af3_results	True	False	True	True			100	100	100											False	False	False	False	2026-05-19T06:58:40-0400	2026-05-24T16:38:29-0400	True	False	max_vhvl_identity_ge_0.80	0.888412	9goy	0.864000	7wrv	0.981481	9goy
7dnk	af3_results	True	False	False	True					100											False	False	False	False	2026-05-28T20:51:49-0400	2026-05-28T20:57:27-0400	True	True		0.746725	2v17	0.855932	4zpt	0.878505	1jhl
7dq7	af3_results	True	False	True	True			89	89	89											False	False	False	False	2026-06-23T08:40:58-0400	2026-06-27T17:18:44-0400	True	True		0.794760	3bky	0.780488	2vxt	0.933962	3bky
7dx4	af3_results	True	False	True	True			100	100	100											False	False	False	False	2026-05-19T08:43:38-0400	2026-05-24T18:19:14-0400	True	False	max_vhvl_identity_ge_0.80	0.805085	3whe	0.878049	7qf1	0.981982	3h42
7e3b	af3_results	True	False	True	True			100	100	100											False	False	False	False	2026-05-19T09:41:43-0400	2026-06-19T09:35:23-0400	True	False	max_vhvl_identity_ge_0.80	0.872247	5sx5	0.901639	7czp	0.925234	6xdg
7e5s	af3_results	True	False	True	True			100	100	100											False	False	False	False	2026-06-23T09:14:44-0400	2026-06-27T19:08:16-0400	True	True		0.760870	3gbn	0.739496	1iqd	0.945455	7cm4
7e9b	af3_results	True	False	True	True			100	100	53											False	False	False	False	2026-06-23T08:15:07-0400	2026-06-27T19:57:23-0400	True	False	max_vhvl_identity_ge_0.80	0.864035	8znz	0.836207	5d70	0.887850	1s78
7ey5	af3_results	True	False	False	True					100											False	False	False	False	2026-05-28T20:57:30-0400	2026-05-28T21:03:44-0400	True	True		0.771552	5dum	0.758333	9cpu	0.935185	9goy
7eya	af3_results	True	False	True	True			100	100	78											False	False	False	False	2026-06-20T14:25:29-0400	2026-06-26T04:38:23-0400	True	False	max_vhvl_identity_ge_0.80	0.815789	8dww	0.848000	3h42	0.819048	7qny
7ezv	af3_results	True	False	True	True			100	100	100											False	False	False	False	2026-06-25T17:10:45-0400	2026-06-26T06:17:14-0400	True	False	max_vhvl_identity_ge_0.80	0.857759	7l7e	0.829268	7l7e	0.916667	6o2c
7f6y	af3_results	True	False	True	True			100	100	100											False	False	False	False	2026-06-23T10:57:45-0400	2026-06-26T07:55:04-0400	True	False	max_vhvl_identity_ge_0.80	1.000000	7ek0	1.000000	7ek0	1.000000	7ek0
7f6z	af3_results	True	False	True	True			100	100	100											False	False	False	False	2026-05-19T10:39:50-0400	2026-06-16T13:58:29-0400	True	False	max_vhvl_identity_ge_0.80	1.000000	7ek0	1.000000	7ek0	1.000000	7ek0
7fae	af3_results	True	False	True	True			100	100	100											False	False	False	False	2026-06-20T14:52:26-0400	2026-06-26T10:01:02-0400	True	False	max_vhvl_identity_ge_0.80	0.834061	7xj9	0.877049	7ufn	0.953271	7xj9
7fah	af3_results	True	False	True	True			100	100	100											False	False	False	False	2026-06-23T11:13:18-0400	2026-06-26T11:41:31-0400	True	False	max_vhvl_identity_ge_0.80	0.842105	3e8u	0.811966	1tet	0.927928	1qnz
7fci	af3_results	True	False	False	True					100											False	False	False	False	2026-05-28T21:03:47-0400	2026-05-28T21:09:23-0400	True	False	max_vhvl_identity_ge_0.80	0.818182	9axl	0.795082	1e4w	0.877358	2w9e
7fcp	af3_results	True	False	True	True			100	100	100											False	False	False	False	2026-05-19T10:19:15-0400	2026-06-19T09:44:17-0400	True	False	max_vhvl_identity_ge_0.80	1.000000	7fcq	1.000000	7fcq	1.000000	7fcq
7jie	af3_results	True	False	True	True			100	100	100											False	False	False	False	2026-06-23T12:17:52-0400	2026-06-26T13:47:14-0400	True	True		0.783333	6wxl	0.812500	4xak	0.946429	5a3i
7jmo	af3_results	True	False	True	True			100	100	100											False	False	False	False	2026-05-19T11:12:54-0400	2026-06-16T14:07:28-0400	True	False	max_vhvl_identity_ge_0.80	0.920000	7kn7	0.906780	8x0x	0.953271	7x2k
7jmw	af3_results	True	False	True	True			100	100	100											False	False	False	False	2026-05-19T11:43:05-0400	2026-06-13T21:06:22-0400	True	False	max_vhvl_identity_ge_0.80	0.800847	7wrv	0.852713	7fcq	0.953271	7czu
7k37	af3_results	True	False	True	True			100	100	100											False	False	False	False	2026-06-25T10:57:31-0400	2026-06-26T15:44:38-0400	True	False	max_vhvl_identity_ge_0.80	0.940678	3whe	1.000000	3whe	0.872727	3whe
7k43	af3_results	True	False	True	True			100	100	100											False	False	False	False	2026-06-20T17:01:12-0400	2026-06-26T17:37:36-0400	True	False	max_vhvl_identity_ge_0.80	0.828194	9oaq	0.852459	5if0	0.935185	6o2c
7k45	af3_results	True	False	True	True			100	100	100											False	False	False	False	2026-06-25T17:25:16-0400	2026-06-26T19:16:18-0400	True	False	max_vhvl_identity_ge_0.80	0.905172	7l7e	0.918699	7l7e	0.898148	6o2c
7k8m	af3_results	True	False	True	True			100	100	100											False	False	False	False	2026-05-19T12:15:13-0400	2026-06-13T22:45:22-0400	True	False	max_vhvl_identity_ge_0.80	0.968889	7kn7	0.957265	7ch5	0.981481	6o2c
7k9i	af3_results	True	False	True	True			100	100	100											False	False	False	False	2026-05-19T14:07:30-0400	2026-06-08T05:18:30-0400	True	False	max_vhvl_identity_ge_0.80	0.904762	2vir	0.827869	2vir	0.990826	2vir
7kde	af3_results	True	False	True	True			100	100	100											False	False	False	False	2026-06-20T17:34:01-0400	2026-06-26T21:18:04-0400	True	True		0.711207	6orp	0.671875	2jix	0.724771	6orp
7kez	af3_results	True	False	True	True			100	100	100											False	False	False	False	2026-05-19T13:47:25-0400	2026-06-08T06:53:38-0400	True	False	max_vhvl_identity_ge_0.80	0.957265	3bdy	0.918699	3bdy	1.000000	3bdy
7kf0	af3_results	True	False	True	True			100	100	100											False	False	False	False	2026-05-19T14:16:12-0400	2026-06-08T08:29:02-0400	True	False	max_vhvl_identity_ge_0.80	0.978448	7kf1	0.958678	7kf1	1.000000	3bdy
7kmg	af3_results	True	False	True	True			100	100	100											False	False	False	False	2026-05-19T15:54:24-0400	2026-06-08T13:27:49-0400	True	False	max_vhvl_identity_ge_0.80	0.909483	7qf1	0.882812	9bj3	0.981308	9jcy
7kmh	af3_results	True	False	True	True			100	100	100											False	False	False	False	2026-05-19T16:40:30-0400	2026-06-14T00:24:28-0400	True	False	max_vhvl_identity_ge_0.80	0.911111	7wt7	0.905983	7mjj	0.981308	7czu
7kn3	af3_results	True	False	True	True			100	100	100											False	False	False	False	2026-05-19T18:30:59-0400	2026-06-14T09:45:33-0400	True	False	max_vhvl_identity_ge_0.80	0.863830	6xq4	0.844828	7e8m	0.982301	7czy
7l0n	af3_results	True	False	True	True			100	100	100											False	False	False	False	2026-06-25T10:54:59-0400	2026-06-26T22:56:37-0400	True	False	max_vhvl_identity_ge_0.80	0.991228	7jx3	0.991667	7jx3	1.000000	7xcp
7lex	af3_results	True	False	True	True			100	100	100											False	False	False	False	2026-06-23T12:08:41-0400	2026-06-27T00:57:09-0400	True	False	max_vhvl_identity_ge_0.80	0.961207	7lf1	0.928000	7lf1	1.000000	7lf1
7ljr	af3_results	True	False	True	True			100	100	100											False	False	False	False	2026-06-20T17:09:08-0400	2026-06-27T01:18:21-0400	True	False	max_vhvl_identity_ge_0.80	0.850877	7x26	0.910569	7qf1	0.878505	7kn7
7lm8	af3_results	True	False	True	True			100	100	100											False	False	False	False	2026-06-23T11:46:26-0400	2026-06-25T20:54:08-0400	True	False	max_vhvl_identity_ge_0.80	0.800847	7wrv	0.852713	7fcq	0.953271	7czu
7lop	af3_results	True	False	True	True			100	100	100											False	False	False	False	2026-06-23T13:36:59-0400	2026-06-26T00:12:59-0400	True	False	max_vhvl_identity_ge_0.80	0.991379	6zh9	0.983193	6zh9	1.000000	6zh9
7lq7	af3_results	True	False	True	True			100	100	100											False	False	False	False	2026-06-20T14:52:34-0400	2026-06-26T01:52:17-0400	True	False	max_vhvl_identity_ge_0.80	0.839827	7beh	0.851240	7k9z	0.981818	7bwj
7luc	af3_results	True	False	True	True			100	100	100											False	False	False	False	2026-06-23T14:22:52-0400	2026-06-26T03:46:28-0400	True	True		0.799145	9c0u	0.762295	9c0u	0.857143	9b2c
7lwd	af3_results	True	False	True	True			100	100	100											False	False	False	False	2026-06-23T14:46:43-0400	2026-06-26T05:35:28-0400	True	True		0.779221	1afv	0.800000	9ghi	0.891892	1afv
7m2i	af3_results	True	False	False	True					100											False	False	False	False	2026-05-28T21:26:12-0400	2026-05-28T21:31:19-0400	True	False	max_vhvl_identity_ge_0.80	1.000000	1k4c	1.000000	1k4c	1.000000	1k4c
7m52	af3_results	True	False	False	True					100											False	False	False	False	2026-05-28T21:31:22-0400	2026-05-28T21:36:54-0400	True	False	max_vhvl_identity_ge_0.80	1.000000	7m53	1.000000	7m53	1.000000	7m53
7m6f	af3_results	True	False	True	True			100	100	100											False	False	False	False	2026-06-20T17:56:01-0400	2026-06-26T07:41:08-0400	True	False	max_vhvl_identity_ge_0.80	0.855263	4tsc	0.830508	7b3o	0.945946	8siq
7m6h	af3_results	True	False	True	True			100	100	100											False	False	False	False	2026-06-20T17:57:12-0400	2026-06-26T09:43:35-0400	True	True		0.792373	3whe	0.825397	7czy	0.954955	8siq
7m7w	af3_results	True	False	True	True			100	100	100											False	False	False	False	2026-06-25T12:25:04-0400	2026-06-26T11:22:33-0400	True	False	max_vhvl_identity_ge_0.80	0.822511	8z6q	0.842975	8z6q	0.909910	7czw
7mdp	filtered_af3_models	True	False	True	True	True		100	100	100	100	0	0	0	0						False	False	False	False	2026-05-28T21:36:57-0400	2026-06-24T16:01:33-0400	True	False	max_vhvl_identity_ge_0.80	0.814346	6pzy	0.861789	4xnm	0.917431	6pzy
7mmo	af3_results	True	False	True	True			100	100	100											False	False	False	False	2026-05-20T01:51:15-0400	2026-06-19T10:17:53-0400	True	True		0.725664	9dez	0.811475	9kef	0.900901	7czw
7msq	af3_results	True	False	True	True			100	100	100											False	False	False	False	2026-05-20T03:19:34-0400	2026-06-14T02:04:07-0400	True	False	max_vhvl_identity_ge_0.80	0.846154	4yk4	0.858268	7czp	0.944444	7bz5
7mxl	af3_results	True	False	True	True			100	100	100											False	False	False	False	2026-05-20T02:57:50-0400	2026-06-07T02:58:45-0400	True	False	max_vhvl_identity_ge_0.80	0.846491	7x26	0.803279	7czy	0.990741	6o2c
7mzf	af3_results	True	False	True	True			100	100	100											False	False	False	False	2026-05-20T04:01:11-0400	2026-06-07T05:44:26-0400	True	False	max_vhvl_identity_ge_0.80	0.875000	7b3o	0.948718	7ch5	0.934579	7xj9
7mzg	af3_results	True	False	True	True			100	100	100											False	False	False	False	2026-05-20T05:30:42-0400	2026-06-07T08:30:40-0400	True	False	max_vhvl_identity_ge_0.80	0.938053	7ek0	0.914530	7bz5	0.963303	7ek0
7mzi	af3_results	True	False	True	True			100	100	100											False	False	False	False	2026-05-20T04:17:05-0400	2026-06-19T11:00:32-0400	True	True		0.788546	4ttd	0.868852	9pwn	0.827273	3lzf
7mzk	af3_results	True	False	True	True			100	100	100											False	False	False	False	2026-05-20T05:53:53-0400	2026-06-19T11:31:24-0400	True	False	max_vhvl_identity_ge_0.80	0.842553	7czy	0.811475	5if0	0.929204	7czy
7mzm	af3_results	True	False	True	True			100	100	100											False	False	False	False	2026-06-20T20:13:49-0400	2026-06-26T14:38:02-0400	True	False	max_vhvl_identity_ge_0.80	0.823529	7x2k	0.759690	8znz	0.954128	7x2k
7n0v	af3_results	True	False	True	True			100	100	100											False	False	False	False	2026-05-20T06:21:23-0400	2026-06-16T15:45:25-0400	True	False	max_vhvl_identity_ge_0.80	0.846491	7x26	0.803279	7czy	0.990741	6o2c
7n3c	af3_results	True	False	False	True					100											False	False	False	False	2026-05-28T21:49:08-0400	2026-05-28T21:54:28-0400	True	True		0.781116	5dum	0.801587	9cpu	0.943925	5ggt
7n4m	af3_results	True	False	True	True			100	100	100											False	False	False	False	2026-05-20T06:36:33-0400	2026-06-19T12:20:17-0400	True	False	max_vhvl_identity_ge_0.80	0.917391	8zhk	0.866667	8zhk	0.972973	7d6i
7n62	af3_results	True	False	True	True			100	100	100											False	False	False	False	2026-06-20T20:03:02-0400	2026-06-26T16:40:42-0400	True	False	max_vhvl_identity_ge_0.80	0.873362	6rp8	0.894309	7bel	0.953704	9bj3
7nd3	af3_results	True	False	True	True			100	100	100											False	False	False	False	2026-06-20T20:15:14-0400	2026-06-26T18:21:40-0400	True	False	max_vhvl_identity_ge_0.80	0.884444	8x0x	0.897436	7kn7	0.915888	6xdg
7nd4	af3_results	True	False	True	True			100	100	100											False	False	False	False	2026-06-20T21:20:17-0400	2026-06-26T20:31:48-0400	True	True		0.780591	6pzy	0.795276	4yk4	0.809091	4fqj
7nd6	af3_results	True	False	True	True			100	100	100											False	False	False	False	2026-05-20T08:20:11-0400	2026-06-16T17:39:40-0400	True	False	max_vhvl_identity_ge_0.80	1.000000	7bej	1.000000	7bej	1.000000	7bej
7nd7	af3_results	True	False	True	True			100	100	100											False	False	False	False	2026-06-20T20:49:40-0400	2026-06-26T22:36:50-0400	True	False	max_vhvl_identity_ge_0.80	1.000000	7beh	1.000000	7beh	1.000000	7beh
7neg	af3_results	True	False	True	True			100	100	100											False	False	False	False	2026-05-20T09:34:28-0400	2026-06-19T13:07:33-0400	True	False	max_vhvl_identity_ge_0.80	0.910714	7b3o	0.888889	7b3o	0.925926	7b3o
7neh	af3_results	True	False	True	True			100	100	100											False	False	False	False	2026-05-20T10:00:09-0400	2026-06-19T13:27:21-0400	True	False	max_vhvl_identity_ge_0.80	0.906667	7b3o	0.888889	7b3o	0.925926	7b3o
7ora	af3_results	True	False	True	True			100	100	100											False	False	False	False	2026-05-20T10:29:35-0400	2026-06-19T14:18:57-0400	True	False	max_vhvl_identity_ge_0.80	0.913793	7l7e	0.910569	7l7e	0.935185	6o2c
7p40	af3_results	True	False	True	True			100	100	100											False	False	False	False	2026-05-20T11:21:27-0400	2026-06-18T10:59:59-0400	True	False	max_vhvl_identity_ge_0.80	0.922414	7l7e	0.902439	7l7e	0.962963	6o2c
7phg	af3_results	True	False	True	True			100	100	100											False	False	False	False	2026-05-20T12:14:32-0400	2026-06-18T04:37:00-0400	True	False	max_vhvl_identity_ge_0.80	0.922414	7l7e	0.902439	7l7e	0.962963	6o2c
7pry	af3_results	True	False	True	True			100	100	100											False	False	False	False	2026-05-20T13:36:47-0400	2026-06-18T06:15:46-0400	True	True		0.792208	3hi1	0.849206	6pze	0.888889	4dgy
7prz	af3_results	True	False	True	True			100	100	100											False	False	False	False	2026-05-20T13:38:56-0400	2026-06-16T20:58:54-0400	True	False	max_vhvl_identity_ge_0.80	0.869198	7eng	0.879032	7bel	0.911504	7czy
7ps0	af3_results	True	False	True	True			100	100	100											False	False	False	False	2026-06-20T23:32:23-0400	2026-06-27T00:16:15-0400	True	False	max_vhvl_identity_ge_0.80	0.815900	7czw	0.833333	6pze	0.890909	7z0x
7ps1	af3_results	True	False	True	True			100	100	100											False	False	False	False	2026-05-20T15:12:06-0400	2026-06-18T07:14:42-0400	True	False	max_vhvl_identity_ge_0.80	1.000000	8bh5	1.000000	8bh5	1.000000	8bh5
7ps4	af3_results	True	False	True	True			100	100	100											False	False	False	False	2026-06-25T10:50:10-0400	2026-06-27T01:54:25-0400	True	True		0.754237	2b0s	0.856000	9cpu	0.935780	6pzy
7ps6	af3_results	True	False	True	True			100	100	100											False	False	False	False	2026-05-20T14:53:58-0400	2026-06-16T22:37:57-0400	True	False	max_vhvl_identity_ge_0.80	0.862661	7yv1	0.833333	6pze	0.944444	7b3o
7ps7	af3_results	True	False	True	True			100	100	100											False	False	False	False	2026-05-20T14:53:51-0400	2026-06-19T14:56:34-0400	True	True		0.737991	4xnm	0.880952	6pze	0.775701	3go1
7q0g	af3_results	True	False	True	True			100	100	100											False	False	False	False	2026-05-20T15:36:16-0400	2026-06-17T00:17:35-0400	True	False	max_vhvl_identity_ge_0.80	0.911111	8x0x	0.905983	7b3o	0.943925	7bel
7q0h	af3_results	True	False	True	True			100	100	100											False	False	False	False	2026-05-20T16:00:51-0400	2026-06-17T01:56:59-0400	True	False	max_vhvl_identity_ge_0.80	0.862661	7yv1	0.833333	6pze	0.944444	7b3o
7qf0	af3_results	True	False	True	True			100	100	100											False	False	False	False	2026-05-20T18:08:30-0400	2026-06-17T18:57:57-0400	True	False	max_vhvl_identity_ge_0.80	0.915556	7bz5	0.931624	7ch5	0.916667	7bz5
7qnx	af3_results	True	False	True	True			100	100	100											False	False	False	False	2026-05-20T11:57:27-0400	2026-06-17T03:36:06-0400	True	False	max_vhvl_identity_ge_0.80	0.846809	8u1q	0.828125	7czw	0.907407	7xj9
7qtj	af3_results	True	False	True	True			100	100	100											False	False	False	False	2026-05-20T18:40:02-0400	2026-06-17T20:27:20-0400	True	True		0.775862	7ley	0.800000	1w72	0.879630	7bz5
7qtk	af3_results	True	False	False	True					100											False	False	False	False	2026-05-28T21:54:51-0400	2026-05-28T22:00:53-0400	True	True		0.775862	7ley	0.800000	1w72	0.879630	7bz5
7r6w	af3_results	True	False	True	True			100	100	100											False	False	False	False	2026-05-20T18:23:29-0400	2026-06-17T05:16:13-0400	True	False	max_vhvl_identity_ge_0.80	1.000000	7x1m	1.000000	7soc	1.000000	7x1m
7r6x	af3_results	True	False	True	True			100	100	100											False	False	False	False	2026-06-20T22:42:30-0400	2026-06-27T03:33:46-0400	True	False	max_vhvl_identity_ge_0.80	0.995595	7jx3	1.000000	7jx3	1.000000	7xcp
7r8o	af3_results	True	False	True	True			100	100	100											False	False	False	False	2026-06-20T22:59:11-0400	2026-06-27T05:34:51-0400	True	True		0.675105	6lxj	0.875000	7wtf	0.631579	7rkv
7rbu	af3_results	True	False	True	True			100	100	100											False	False	False	False	2026-06-23T17:01:40-0400	2026-06-27T07:32:08-0400	True	False	max_vhvl_identity_ge_0.80	0.900862	7yv1	0.873016	6pze	0.981308	4py8
7rcs	af3_results	True	False	True	True			100	100	100											False	False	False	False	2026-05-20T17:59:34-0400	2026-06-17T21:47:52-0400	True	False	max_vhvl_identity_ge_0.80	0.961538	7lkg	0.958678	7lkg	0.964602	7lkg
7rd4	af3_results	True	False	True	True			100	100	100											False	False	False	False	2026-05-20T19:10:10-0400	2026-06-17T23:23:11-0400	True	False	max_vhvl_identity_ge_0.80	0.957265	7lkg	0.958678	7lkg	0.955752	7lkg
7rd9	af3_results	True	False	True	True			100	100	100											False	False	False	False	2026-05-20T19:51:45-0400	2026-06-18T00:12:42-0400	True	False	max_vhvl_identity_ge_0.80	0.965812	7lkg	0.950413	7lkg	0.982301	7lkg
7rda	af3_results	True	False	True	True			100	100	100											False	False	False	False	2026-05-20T20:27:27-0400	2026-06-18T01:03:35-0400	True	False	max_vhvl_identity_ge_0.80	0.944444	7lkg	0.933884	7lkg	0.973451	7rd3
7rp3	af3_results	True	False	True	True			100	100	100											False	False	False	False	2026-05-20T20:51:33-0400	2026-06-18T02:53:18-0400	True	False	max_vhvl_identity_ge_0.80	0.814346	6pzy	0.861789	4xnm	0.917431	6pzy
7rr0	af3_results	True	False	True	True			100	100	100											False	False	False	False	2026-05-20T20:52:49-0400	2026-06-17T06:55:46-0400	True	False	max_vhvl_identity_ge_0.80	0.892241	7l7e	0.869919	7l7e	0.935185	6o2c
7rxj	af3_results	True	False	True	True			100	100	100											False	False	False	False	2026-05-20T21:58:03-0400	2026-06-18T04:32:18-0400	True	True		0.743478	1w72	0.813008	8dww	0.830189	4xnm
7rxl	af3_results	True	False	True	True			100	100	100											False	False	False	False	2026-05-20T22:41:30-0400	2026-06-19T15:36:16-0400	True	True		0.778261	7rxi	0.875000	3s36	0.896226	4xnm
7s0b	af3_results	True	False	True	True			100	100	100											False	False	False	False	2026-05-21T00:05:48-0400	2026-06-18T05:17:49-0400	True	False	max_vhvl_identity_ge_0.80	0.885965	8x0x	0.876033	7mjj	0.943925	7czu
7s4s	af3_results	True	False	True	True			100	100	100											False	False	False	False	2026-05-20T23:34:37-0400	2026-06-18T06:10:29-0400	True	False	max_vhvl_identity_ge_0.80	0.911894	7kn7	0.923729	7cjf	0.944954	7x2k
7s5p	af3_results	True	False	True	True			100	100	100											False	False	False	False	2026-05-21T00:31:59-0400	2026-06-18T07:03:08-0400	True	False	max_vhvl_identity_ge_0.80	0.852174	1w72	0.940678	7bz5	0.953271	1adq
7s5q	af3_results	True	False	True	True			100	100	100											False	False	False	False	2026-05-21T00:25:52-0400	2026-06-18T07:44:35-0400	True	False	max_vhvl_identity_ge_0.80	0.952586	7l7e	0.934959	7l7e	0.990741	6o2c
7s5r	af3_results	True	False	True	True			100	100	100											False	False	False	False	2026-05-21T01:13:21-0400	2026-06-18T08:18:42-0400	True	False	max_vhvl_identity_ge_0.80	0.800847	7wrv	0.852713	7fcq	0.953271	7czu
7sbu	af3_results	True	False	True	True			100	100	100											False	False	False	False	2026-05-21T02:17:49-0400	2026-06-18T09:10:14-0400	True	False	max_vhvl_identity_ge_0.80	0.864035	5ggt	0.846774	7xj9	0.943925	7lf1
7sc1	af3_results	True	False	True	True			100	100	100											False	False	False	False	2026-06-20T23:37:01-0400	2026-06-27T09:25:36-0400	True	False	max_vhvl_identity_ge_0.80	0.897321	7bz5	0.897436	8bh5	0.916667	7bz5
7sfv	af3_results	True	False	True	True			100	100	100											False	False	False	False	2026-06-23T16:56:51-0400	2026-06-27T11:18:08-0400	True	True		0.757576	9cqa	0.795082	7ufn	0.887850	9cqa
7sfw	af3_results	True	False	True	True			100	100	100											False	False	False	False	2026-05-21T02:56:34-0400	2026-06-12T01:07:02-0400	True	True		0.757576	9cqa	0.795082	7ufn	0.887850	9cqa
7si2	af3_results	True	False	True	True			100	100	100											False	False	False	False	2026-06-20T23:37:19-0400	2026-06-27T12:56:41-0400	True	False	max_vhvl_identity_ge_0.80	0.929825	7nx7	0.908333	7nx7	0.972222	7ek0
7str	af3_results	True	False	True	True			100	100	100											False	False	False	False	2026-06-23T16:30:00-0400	2026-06-27T14:32:59-0400	True	False	max_vhvl_identity_ge_0.80	0.895652	9mqd	0.868852	7czp	0.981481	6o2c
7swo	af3_results	True	False	True	True			100	100	100											False	False	False	False	2026-06-21T01:25:05-0400	2026-06-27T16:10:45-0400	True	False	max_vhvl_identity_ge_0.80	0.946188	7x2k	0.940171	7e8m	0.944444	6rp8
7t7b	af3_results	True	False	True	True			100	100	100											False	False	False	False	2026-05-21T01:26:37-0400	2026-06-08T02:23:01-0400	True	True		0.770213	7wrv	0.736434	5h30	0.915888	7czu
7tas	af3_results	True	False	True	True			100	100	100											False	False	False	False	2026-06-21T01:57:26-0400	2026-06-27T17:49:19-0400	True	True		0.782979	4gxu	0.775000	6rp8	0.935185	6pzy
7tb8	af3_results	True	False	True	True			100	100	100											False	False	False	False	2026-05-21T03:40:07-0400	2026-06-18T10:17:23-0400	True	False	max_vhvl_identity_ge_0.80	0.867521	7orb	0.866142	7czu	0.915888	7cjf
7tbf	af3_results	True	False	True	True			100	100	100											False	False	False	False	2026-05-21T02:55:44-0400	2026-06-18T11:10:00-0400	True	False	max_vhvl_identity_ge_0.80	0.943966	7l7e	0.943089	7l7e	0.962963	6o2c
7tca	af3_results	True	False	True	True			100	100	98											False	False	False	False	2026-06-23T17:36:03-0400	2026-06-27T19:57:43-0400	True	False	max_vhvl_identity_ge_0.80	1.000000	7tc9	1.000000	7tc9	1.000000	7tc9
7tcc	af3_results	True	False	True	True			100	100	100											False	False	False	False	2026-05-21T04:39:20-0400	2026-06-18T12:09:06-0400	True	False	max_vhvl_identity_ge_0.80	1.000000	7tc9	1.000000	7tc9	1.000000	7tc9
7tct	af3_results	True	False	True	True			100	100	100											False	False	False	False	2026-05-21T03:44:48-0400	2026-06-08T11:35:35-0400	True	False	max_vhvl_identity_ge_0.80	1.000000	2vc2	1.000000	2vc2	1.000000	2vc2
7td8	af3_results	True	False	True	True			100	100	100											False	False	False	False	2026-05-21T04:27:15-0400	2026-06-08T13:36:31-0400	True	False	max_vhvl_identity_ge_0.80	1.000000	2vc2	1.000000	2vc2	1.000000	2vc2
7tdm	af3_results	True	False	False	True					100											False	False	False	False	2026-05-28T22:06:18-0400	2026-05-28T22:11:47-0400	True	False	max_vhvl_identity_ge_0.80	1.000000	9bei	1.000000	9bei	1.000000	9bei
7the	af3_results	True	False	True	True			100	100	100											False	False	False	False	2026-05-21T05:39:58-0400	2026-06-08T15:18:39-0400	True	False	max_vhvl_identity_ge_0.80	0.895652	7qf1	0.845528	7qf1	0.962617	9pwn
7tho	af3_results	True	False	True	True			100	100	100											False	False	False	False	2026-05-21T06:09:27-0400	2026-06-08T17:13:52-0400	True	False	max_vhvl_identity_ge_0.80	1.000000	2vc2	1.000000	2vc2	1.000000	2vc2
7tmz	af3_results	True	False	True	True			100	100	100											False	False	False	False	2026-05-21T06:22:43-0400	2026-06-08T19:05:36-0400	True	False	max_vhvl_identity_ge_0.80	1.000000	2vc2	1.000000	2vc2	1.000000	2vc2
7tp3	af3_results	True	False	True	True			100	100	100											False	False	False	False	2026-05-21T06:58:13-0400	2026-06-08T20:47:49-0400	True	True		0.795745	8gb8	0.789062	8gb8	0.851852	9bj3
7tp4	af3_results	True	False	True	True			100	100	100											False	False	False	False	2026-05-21T07:41:03-0400	2026-06-10T03:22:08-0400	True	True		0.793103	8gou	0.806452	8gb8	0.872727	9aug
7tpd	af3_results	True	False	True	True			100	100	100											False	False	False	False	2026-05-21T08:22:48-0400	2026-06-10T05:11:25-0400	True	False	max_vhvl_identity_ge_0.80	1.000000	2vc2	1.000000	2vc2	1.000000	2vc2
7txt	af3_results	True	False	True	True			100	100	100											False	False	False	False	2026-05-21T09:05:14-0400	2026-06-17T12:10:23-0400	True	True		0.792208	1afv	0.816667	9ghi	0.900901	1afv
7txz	af3_results	True	False	True	True			100	100	100											False	False	False	False	2026-05-21T11:13:33-0400	2026-06-19T16:30:25-0400	True	True		0.775862	1h0d	0.888889	1sm3	0.918919	1h0d
7u0q	af3_results	True	False	True	True			100	100	100											False	False	False	False	2026-05-21T10:01:51-0400	2026-06-10T07:01:08-0400	True	False	max_vhvl_identity_ge_0.80	0.941964	7kn7	0.931624	7ch5	0.971963	7kn7
7u60	af3_results	True	False	True	True			100	100	100											False	False	False	False	2026-05-21T09:55:18-0400	2026-06-10T10:24:03-0400	True	False	max_vhvl_identity_ge_0.80	1.000000	2vc2	1.000000	2vc2	1.000000	2vc2
7u8e	af3_results	True	False	True	True			100	100	100											False	False	False	False	2026-05-21T11:18:12-0400	2026-06-18T13:00:28-0400	True	True		0.668050	7czw	0.796875	7czw	0.552632	6pzy
7u9f	af3_results	True	False	True	True			100	100	100											False	False	False	False	2026-05-21T12:21:58-0400	2026-06-10T12:08:16-0400	True	False	max_vhvl_identity_ge_0.80	1.000000	2vc2	1.000000	2vc2	1.000000	2vc2
7u9v	af3_results	True	False	True	True			100	100	100											False	False	False	False	2026-05-21T12:40:03-0400	2026-06-10T14:00:48-0400	True	False	max_vhvl_identity_ge_0.80	1.000000	2vc2	1.000000	2vc2	1.000000	2vc2
7ubr	af3_results	True	False	True	True			100	100	100											False	False	False	False	2026-05-21T13:20:05-0400	2026-06-10T16:01:04-0400	True	False	max_vhvl_identity_ge_0.80	1.000000	2vc2	1.000000	2vc2	1.000000	2vc2
7ucy	af3_results	True	False	True	True			100	100	100											False	False	False	False	2026-05-21T13:31:29-0400	2026-06-10T17:45:52-0400	True	False	max_vhvl_identity_ge_0.80	1.000000	2vc2	1.000000	2vc2	1.000000	2vc2
7udg	af3_results	True	False	True	True			100	100	100											False	False	False	False	2026-05-21T14:21:40-0400	2026-06-10T19:38:03-0400	True	False	max_vhvl_identity_ge_0.80	1.000000	2vc2	1.000000	2vc2	1.000000	2vc2
7udh	af3_results	True	False	True	True			100	100	100											False	False	False	False	2026-05-21T14:28:44-0400	2026-06-10T21:34:17-0400	True	False	max_vhvl_identity_ge_0.80	1.000000	2vc2	1.000000	2vc2	1.000000	2vc2
7ue0	af3_results	True	False	True	True			100	100	100											False	False	False	False	2026-05-21T15:12:42-0400	2026-06-10T23:18:39-0400	True	False	max_vhvl_identity_ge_0.80	1.000000	2vc2	1.000000	2vc2	1.000000	2vc2
7ufh	af3_results	True	False	True	True			100	100	100											False	False	False	False	2026-05-21T15:28:48-0400	2026-06-11T01:10:59-0400	True	False	max_vhvl_identity_ge_0.80	1.000000	2vc2	1.000000	2vc2	1.000000	2vc2
7ufo	af3_results	True	False	True	True			100	100	100											False	False	False	False	2026-05-21T15:47:22-0400	2026-06-18T13:49:57-0400	True	False	max_vhvl_identity_ge_0.80	0.991453	7lkg	0.983471	7lkg	1.000000	7lkg
7uh8	af3_results	True	False	True	True			100	100	100											False	False	False	False	2026-05-21T16:23:50-0400	2026-06-18T15:13:41-0400	True	False	max_vhvl_identity_ge_0.80	1.000000	2vc2	1.000000	2vc2	1.000000	2vc2
7uje	af3_results	True	False	True	True			100	100	100											False	False	False	False	2026-05-21T17:45:28-0400	2026-06-18T16:21:20-0400	True	False	max_vhvl_identity_ge_0.80	1.000000	2vc2	1.000000	2vc2	1.000000	2vc2
7ujk	af3_results	True	False	True	True			100	100	100											False	False	False	False	2026-05-21T17:57:24-0400	2026-06-18T17:13:07-0400	True	False	max_vhvl_identity_ge_0.80	1.000000	2vc2	1.000000	2vc2	1.000000	2vc2
7uk9	af3_results	True	False	True	True			100	100	100											False	False	False	False	2026-05-21T18:42:22-0400	2026-06-18T18:08:39-0400	True	False	max_vhvl_identity_ge_0.80	1.000000	2vc2	1.000000	2vc2	1.000000	2vc2
7uko	af3_results	True	False	True	True			100	100	100											False	False	False	False	2026-05-21T18:44:00-0400	2026-06-18T19:11:07-0400	True	False	max_vhvl_identity_ge_0.80	1.000000	2vc2	1.000000	2vc2	1.000000	2vc2
7ukp	af3_results	True	False	True	True			100	100	100											False	False	False	False	2026-05-21T19:00:47-0400	2026-06-19T23:21:25-0400	True	False	max_vhvl_identity_ge_0.80	1.000000	2vc2	1.000000	2vc2	1.000000	2vc2
7ukt	af3_results	True	False	True	True			100	100	100											False	False	False	False	2026-05-21T19:45:09-0400	2026-06-17T14:34:47-0400	True	False	max_vhvl_identity_ge_0.80	1.000000	2vc2	1.000000	2vc2	1.000000	2vc2
7ul0	af3_results	True	False	True	True			91	91	91											False	False	False	False	2026-05-21T22:09:33-0400	2026-06-17T16:05:05-0400	True	False	max_vhvl_identity_ge_0.80	0.864629	6d2p	0.885246	9c0u	0.936364	7k8x
7ul1	af3_results	True	False	True	True			100	100	100											False	False	False	False	2026-05-21T21:02:07-0400	2026-06-08T05:11:41-0400	True	False	max_vhvl_identity_ge_0.80	0.933333	7x2k	0.915254	7b3o	0.981308	7x2k
7unb	af3_results	True	False	True	True			100	100	100											False	False	False	False	2026-05-21T22:04:52-0400	2026-06-17T17:41:27-0400	True	False	max_vhvl_identity_ge_0.80	0.805195	7soc	0.770492	9c0u	0.916667	9bj3
7uop	af3_results	True	False	True	True			100	100	79											False	False	False	False	2026-06-21T02:09:26-0400	2026-06-27T02:46:30-0400	True	False	max_vhvl_identity_ge_0.80	0.834783	2brr	0.836066	2brr	0.833333	2brr
7uow	af3_results	True	False	True	True			100	100	100											False	False	False	False	2026-06-23T19:40:51-0400	2026-06-27T04:35:08-0400	True	False	max_vhvl_identity_ge_0.80	0.884444	7ek0	0.914530	8hn6	0.907407	7b3o
7upk	af3_results	True	False	True	True			60	60	60											False	False	False	False	2026-05-22T00:12:21-0400	2026-06-17T18:54:10-0400	True	True		0.799107	2bdn	0.816667	9ghi	0.934579	2bdn
7upx	af3_results	True	False	True	True			18	18	18											False	False	False	False	2026-05-21T22:27:35-0400	2026-06-08T07:38:59-0400	True	False	max_vhvl_identity_ge_0.80	0.800000	7wrv	0.846774	6d2p	0.953271	7czu
7ur4	af3_results	True	False	True	True			100	100	100											False	False	False	False	2026-05-22T00:55:41-0400	2026-06-08T09:44:01-0400	True	True		0.722944	8khd	0.801653	8f0i	0.867925	8khd
7urq	af3_results	True	False	True	True			100	100	100											False	False	False	False	2026-05-22T01:21:57-0400	2026-06-17T20:33:46-0400	True	False	max_vhvl_identity_ge_0.80	0.911894	7kn7	0.923729	7cjf	0.944954	7x2k
7uvq	af3_results	True	False	True	True			100	100	100											False	False	False	False	2026-05-22T01:37:33-0400	2026-06-08T11:23:31-0400	True	False	max_vhvl_identity_ge_0.80	0.821429	1bgx	0.834711	9at8	0.886792	9axl
7uvs	af3_results	True	False	True	True			100	100	100											False	False	False	False	2026-05-22T02:28:55-0400	2026-06-17T22:12:18-0400	True	False	max_vhvl_identity_ge_0.80	0.848101	8dnn	0.816000	4xak	0.920354	7czy
7uym	af3_results	True	False	True	True			100	100	100											False	False	False	False	2026-06-23T18:49:19-0400	2026-06-27T06:09:41-0400	True	False	max_vhvl_identity_ge_0.80	0.865801	8fb6	0.837398	1hez	0.943925	7xj9
7uz7	af3_results	True	False	True	True			100	100	100											False	False	False	False	2026-06-21T02:15:26-0400	2026-06-27T07:59:27-0400	True	False	max_vhvl_identity_ge_0.80	0.804348	1a3r	0.827586	2r29	0.911504	9p0x
7uzc	af3_results	True	False	True	True			100	100	100											False	False	False	False	2026-05-22T03:14:53-0400	2026-06-17T23:52:00-0400	True	True		0.794872	3qum	0.837398	9cq7	0.927928	3bsz
7v27	af3_results	True	False	True	True			100	100	100											False	False	False	False	2026-05-22T04:36:08-0400	2026-06-20T00:49:28-0400	True	True		0.722467	9dez	0.791667	3ixt	0.891892	7czw
7v64	af3_results	True	False	True	True			100	100	100											False	False	False	False	2026-05-22T04:53:23-0400	2026-06-19T17:11:55-0400	True	True		0.746667	1sm3	0.719008	4ene	0.954128	2vir
7vgs	af3_results	True	False	True	True			100	100	100											False	False	False	False	2026-05-22T05:58:37-0400	2026-06-08T13:04:32-0400	True	True		0.781116	9bdh	0.836066	3rhw	0.918919	6orq
7vyr	af3_results	True	False	True	True			100	100	100											False	False	False	False	2026-06-21T01:55:19-0400	2026-06-27T09:37:52-0400	True	True		0.763158	8fi9	0.811475	5ggt	0.869159	1adq
7vyt	af3_results	True	False	True	True			100	100	100											False	False	False	False	2026-06-23T19:27:40-0400	2026-06-27T11:12:47-0400	True	False	max_vhvl_identity_ge_0.80	0.827586	7l7e	0.850000	5if0	0.944954	6o2c
7vzt	af3_results	True	False	True	True			100	100	100											False	False	False	False	2026-05-22T05:52:32-0400	2026-06-17T15:25:01-0400	True	False	max_vhvl_identity_ge_0.80	1.000000	7d6i	1.000000	7d6i	1.000000	7d6i
7w9f	af3_results	True	False	True	True			100	100	100											False	False	False	False	2026-05-22T07:47:29-0400	2026-06-08T14:46:03-0400	True	False	max_vhvl_identity_ge_0.80	0.832599	5i73	0.841667	7wp6	0.934579	4gms
7wbz	af3_results	True	False	True	True			100	100	100											False	False	False	False	2026-05-22T08:30:54-0400	2026-06-08T18:09:24-0400	True	False	max_vhvl_identity_ge_0.80	0.924444	7bz5	0.940171	7e8m	0.925926	7bz5
7wck	af3_results	True	False	True	True			100	100	100											False	False	False	False	2026-05-22T09:01:31-0400	2026-06-20T02:28:37-0400	True	False	max_vhvl_identity_ge_0.80	0.836207	7l7e	0.796748	7l7e	0.898148	6o2c
7wcr	af3_results	True	False	True	True			100	100	100											False	False	False	False	2026-05-22T10:18:36-0400	2026-06-08T19:51:24-0400	True	False	max_vhvl_identity_ge_0.80	0.862069	7wp6	0.820513	9c7x	0.929204	7wp6
7wcu	af3_results	True	False	True	True			100	100	100											False	False	False	False	2026-05-22T08:46:26-0400	2026-06-18T01:30:20-0400	True	False	max_vhvl_identity_ge_0.80	0.881057	7yvm	0.940171	7ch5	0.897196	9goy
7wcz	af3_results	True	False	True	True			100	100	100											False	False	False	False	2026-06-21T04:05:25-0400	2026-06-27T13:13:40-0400	True	False	max_vhvl_identity_ge_0.80	0.862069	7wp6	0.820513	9c7x	0.929204	7wp6
7wd0	af3_results	True	False	True	True			100	100	100											False	False	False	False	2026-06-21T04:32:53-0400	2026-06-27T14:59:12-0400	True	False	max_vhvl_identity_ge_0.80	0.862069	7wp6	0.820513	9c7x	0.929204	7wp6
7wd7	af3_results	True	False	True	True			100	100	100											False	False	False	False	2026-06-21T04:35:06-0400	2026-06-27T16:48:41-0400	True	False	max_vhvl_identity_ge_0.80	0.862069	7wp6	0.820513	9c7x	0.929204	7wp6
7we7	af3_results	True	False	True	True			100	100	100											False	False	False	False	2026-05-22T11:19:31-0400	2026-06-08T21:42:45-0400	True	False	max_vhvl_identity_ge_0.80	0.995614	8gto	0.991525	8gto	1.000000	8gto
7we9	af3_results	True	False	True	True			100	100	100											False	False	False	False	2026-05-22T12:01:44-0400	2026-06-17T17:37:13-0400	True	True		0.782979	4fqj	0.783333	6d2p	0.882883	6jep
7wee	af3_results	True	False	True	True			100	100	100											False	False	False	False	2026-05-22T15:26:42-0400	2026-06-18T03:09:53-0400	True	True		0.691304	7czp	0.786885	9kef	0.864865	7czw
7wef	af3_results	True	False	True	True			100	100	100											False	False	False	False	2026-05-22T14:48:16-0400	2026-06-19T17:30:43-0400	True	True		0.782979	4fqj	0.783333	6d2p	0.882883	6jep
7wgd	af3_results	True	False	True	True			100	100	100											False	False	False	False	2026-05-22T13:48:10-0400	2026-06-19T18:09:48-0400	True	False	max_vhvl_identity_ge_0.80	1.000000	4xp6	1.000000	4xp6	1.000000	4xp6
7wgt	af3_results	True	False	True	True			100	100	100											False	False	False	False	2026-05-22T15:31:17-0400	2026-06-19T18:57:56-0400	True	False	max_vhvl_identity_ge_0.80	1.000000	4xp6	1.000000	4xp6	1.000000	4xp6
7whb	af3_results	True	False	True	True			100	100	100											False	False	False	False	2026-05-22T14:41:09-0400	2026-06-18T03:46:19-0400	True	False	max_vhvl_identity_ge_0.80	0.881579	5ggt	0.819672	7wrv	0.953271	5ggt
7whd	af3_results	True	False	True	True			100	100	100											False	False	False	False	2026-05-22T15:28:02-0400	2026-06-18T05:31:19-0400	True	False	max_vhvl_identity_ge_0.80	0.881579	5ggt	0.819672	7wrv	0.953271	5ggt
7wi0	af3_results	True	False	True	True			100	100	100											False	False	False	False	2026-05-22T17:01:00-0400	2026-06-18T07:09:59-0400	True	False	max_vhvl_identity_ge_0.80	1.000000	8iva	1.000000	8iva	1.000000	8iva
7wlc	af3_results	True	False	True	True			100	100	100											False	False	False	False	2026-05-22T19:27:52-0400	2026-06-18T08:49:20-0400	True	False	max_vhvl_identity_ge_0.80	0.995614	8gto	0.991525	8gto	1.000000	8gto
7wlw	af3_results	True	False	True	True			100	100	100											False	False	False	False	2026-05-22T20:18:33-0400	2026-06-19T19:50:31-0400	True	False	max_vhvl_identity_ge_0.80	1.000000	4xp6	1.000000	4xp6	1.000000	4xp6
7wn2	af3_results	True	False	True	True			100	100	100											False	False	False	False	2026-05-22T18:59:18-0400	2026-06-18T10:28:15-0400	True	False	max_vhvl_identity_ge_0.80	0.838428	6xdg	0.852459	6xdg	0.915888	4xak
7wnb	af3_results	True	False	True	True			74	74	74											False	False	False	False	2026-06-23T19:51:49-0400	2026-06-27T18:01:37-0400	True	False	max_vhvl_identity_ge_0.80	0.911111	7cjf	0.923729	7cjf	0.888889	7bz5
7woa	af3_results	True	False	True	True			100	100	100											False	False	False	False	2026-05-22T18:53:02-0400	2026-06-20T04:08:45-0400	True	False	max_vhvl_identity_ge_0.80	0.842105	7y0c	0.793388	7xj9	0.917431	7y0c
7wob	af3_results	True	False	True	True			100	100	100											False	False	False	False	2026-05-22T20:11:37-0400	2026-06-20T06:10:44-0400	True	False	max_vhvl_identity_ge_0.80	0.842105	7y0c	0.793388	7xj9	0.917431	7y0c
7woc	af3_results	True	False	True	True			100	100	100											False	False	False	False	2026-06-21T04:31:31-0400	2026-06-27T19:41:21-0400	True	False	max_vhvl_identity_ge_0.80	0.842105	7y0c	0.793388	7xj9	0.917431	7y0c
7wog	af3_results	True	False	True	True			100	100	100											False	False	False	False	2026-05-22T20:27:37-0400	2026-06-14T09:31:31-0400	True	False	max_vhvl_identity_ge_0.80	0.845494	7d6i	0.868852	3gjf	0.927928	8zhk
7won	filtered_af3_models	True	True	True	True	True	1	100	100	100	100	0	0	0	0	prothunt_conf_gen_results	0	1936			False	False	False	False	2026-05-31T01:13:05-0400	2026-06-24T16:23:23-0400	True	False	max_vhvl_identity_ge_0.80	0.888430	7swp	0.839695	7rkv	1.000000	8siq
7wp1	af3_results	True	False	True	True			100	100	17											False	False	False	False	2026-06-21T04:34:44-0400	2026-06-27T19:57:13-0400	True	False	max_vhvl_identity_ge_0.80	0.887500	7swp	0.839695	7rkv	0.981982	8siq
7wt9	filtered_af3_models	True	True	True	True	True	1	100	100	100	100	0	0	0	0	prothunt_conf_gen_results	0	2106			False	False	False	False	2026-05-31T03:43:44-0400	2026-06-24T16:24:19-0400	True	False	max_vhvl_identity_ge_0.80	1.000000	7wt7	1.000000	7wt7	1.000000	7wt7
7x94	filtered_af3_models	True	True	True	True	True	1	100	100	100	100	0	0	0	0	prothunt_conf_gen_results	0	2121			False	False	False	False	2026-06-18T11:59:53-0400	2026-06-24T16:24:09-0400	True	True		0.694915	8khd	0.779528	7wb5	0.908257	8khd
7x95	filtered_af3_models	True	True	True	True	True	1	100	100	100	100	0	0	0	0	prothunt_conf_gen_results	0	1817			False	False	False	False	2026-06-18T12:09:49-0400	2026-06-24T16:22:33-0400	True	True		0.787234	4gxu	0.837398	8h7z	0.872727	3lzf
7x96	filtered_af3_models	True	True	True	True	True	1	100	100	100	100	0	0	0	0	prothunt_conf_gen_results	0	1963			False	False	False	False	2026-06-18T12:27:35-0400	2026-06-24T16:23:59-0400	True	True		0.772926	7k9z	0.836066	7czy	0.880734	7czu
7xcz	filtered_af3_models	True	True	True	True	True	1	100	100	100	100	0	0	0	0	prothunt_conf_gen_results	0	1730			False	False	False	False	2026-06-18T12:23:02-0400	2026-06-24T16:30:51-0400	True	False	max_vhvl_identity_ge_0.80	0.877729	4py8	0.901639	8h7z	0.953271	7orb
7xda	filtered_af3_models	True	True	True	True	True	1	100	100	100	100	0	0	0	0	prothunt_conf_gen_results	0	1899			False	False	False	False	2026-06-18T14:23:43-0400	2026-06-24T16:41:37-0400	True	False	max_vhvl_identity_ge_0.80	0.833333	9mpw	0.881356	7kqe	0.925926	9bj3
8kdi	af3_results	True	False	False	True					100											False	False	False	False	2026-05-28T22:11:51-0400	2026-05-28T22:17:33-0400	True	True		0.781116	3j8z	0.762295	1fbi	0.876106	3j8z
8xsf	filtered_af3_models	True	False	True	True	True		100	100	100	100	0	0	0	0						False	False	False	False	2026-05-28T22:25:24-0400	2026-06-04T19:19:22-0400	True	False	max_vhvl_identity_ge_0.80	1.000000	8xsi	1.000000	8xsi	1.000000	8xsi
8yvn	filtered_af3_models	True	False	True	True	True		100	100	100	100	0	0	0	0						False	False	False	False	2026-05-28T23:18:48-0400	2026-06-04T19:56:13-0400	True	False	max_vhvl_identity_ge_0.80	1.000000	8yvk	1.000000	8yvk	1.000000	8yvk
9ccw	filtered_af3_models	True	False	True	True	True		100	100	100	100	0	0	0	0						False	False	False	False	2026-05-29T17:07:33-0400	2026-06-19T22:22:32-0400	True	True		0.795652	9mx1	0.836066	9md2	0.887850	4gms
9cpy	filtered_af3_models	True	False	True	True	True		100	100	100	100	0	0	0	0						False	False	False	False	2026-05-29T17:53:26-0400	2026-06-04T20:00:00-0400	True	False	max_vhvl_identity_ge_0.80	0.952586	9cpu	0.957983	9cpu	0.955752	7czy
9ctu	af3_results	True	False	False	True					100											False	False	False	False	2026-05-29T18:09:57-0400	2026-05-29T18:15:30-0400	True	True		0.781116	9bdh	0.836066	3rhw	0.918919	6orq
9cyi	filtered_af3_models	True	False	True	True	True		100	100	100	100	0	0	0	0						False	False	False	False	2026-05-29T18:27:20-0400	2026-06-04T20:11:39-0400	True	False	max_vhvl_identity_ge_0.80	1.000000	6q23	1.000000	6q23	1.000000	6q23
9dpe	af3_results	True	False	False	True					100											False	False	False	False	2026-05-29T19:09:07-0400	2026-05-29T19:14:57-0400	True	False	max_vhvl_identity_ge_0.80	0.918803	9cmi	0.880952	9bei	0.990654	9cmi
9fnt	filtered_af3_models	True	True	True	True	True	1	100	100	100	100	0	0	0	0	prothunt_conf_gen_results	0	1969			False	False	False	False	2026-06-18T21:20:15-0400	2026-06-24T16:58:16-0400	True	False	max_vhvl_identity_ge_0.80	0.803571	2uzi	0.758065	2uzi	0.841121	9pwn
9ggp	af3_results	True	False	False	True					100											False	False	False	False	2026-05-29T20:07:01-0400	2026-05-29T20:13:11-0400	True	True		0.742358	1oak	0.834711	7x2i	0.952830	2adf
9gu0	af3_results	True	False	False	True					100											False	False	False	False	2026-05-29T20:24:39-0400	2026-05-29T20:30:46-0400	True	False	max_vhvl_identity_ge_0.80	1.000000	9gu1	1.000000	9gu1	1.000000	9gu1
9h4r	af3_results	True	False	False	True					100											False	False	False	False	2026-05-29T20:42:13-0400	2026-05-29T20:47:39-0400	True	False	max_vhvl_identity_ge_0.80	0.995708	9h4s	1.000000	9h4s	0.991150	9h4s
9h6u	filtered_af3_models	True	True	True	True	True	1	100	100	100	100	0	0	0	0	prothunt_conf_gen_results	0	1946			False	False	False	False	2026-06-18T21:36:50-0400	2026-06-24T17:11:46-0400	True	True		0.773109	3whe	0.812500	7wrv	0.945946	3h42
9hk1	af3_results	True	False	False	True					100											False	False	False	False	2026-05-29T20:52:56-0400	2026-05-29T20:57:59-0400	True	True		0.787879	7xjf	0.766667	6xkr	0.870370	7yv1
9ind	af3_results	True	False	False	True					100											False	False	False	False	2026-05-29T21:04:19-0400	2026-05-29T21:09:44-0400	True	True		0.758772	5ggt	0.823529	6xkr	0.831776	2eiz
9iw2	af3_results	True	False	False	True					100											False	False	False	False	2026-05-29T21:15:59-0400	2026-05-29T21:21:50-0400	True	True		0.792208	3hi1	0.842975	7yv1	0.898148	4dgy
9j82	af3_results	True	False	False	True					100											False	False	False	False	2026-05-29T21:27:52-0400	2026-05-29T21:33:18-0400	True	False	max_vhvl_identity_ge_0.80	0.820961	2aep	0.821138	2g5b	0.943925	9mx1
9jbq	af3_results	True	False	False	True					100											False	False	False	False	2026-05-29T21:38:42-0400	2026-05-29T21:49:46-0400	True	True		0.783186	9ima	0.800000	6xkr	0.867925	3ixt
9jie	af3_results	True	False	False	True					100											False	False	False	False	2026-05-29T21:56:04-0400	2026-05-29T22:01:16-0400	True	True		0.787500	7swp	0.834646	7czu	0.936364	7cm4
9jif	filtered_af3_models	True	False	True	True	True		100	100	100	100	0	0	0	0						False	False	False	False	2026-05-29T22:01:19-0400	2026-06-04T20:00:48-0400	True	True		0.787500	7swp	0.834646	7czu	0.936364	7cm4
9jij	filtered_af3_models	True	False	True	True	True		100	100	100	100	0	0	0	0						False	False	False	False	2026-05-29T22:07:12-0400	2026-06-04T20:01:11-0400	True	True		0.727660	3gbn	0.696000	5tzt	0.881818	7cm4
9jim	filtered_af3_models	True	False	True	True	True		100	100	100	100	0	0	0	0						False	False	False	False	2026-05-29T22:12:59-0400	2026-06-19T22:53:37-0400	True	True		0.771429	6jep	0.783582	6jep	0.954545	7cm4
9jio	af3_results	True	False	True	True			100	100	100											False	False	False	False	2026-05-29T22:24:10-0400	2026-06-25T12:37:42-0400	True	False	max_vhvl_identity_ge_0.80	0.987179	9jin	1.000000	9jin	0.971698	9jin
9jq6	filtered_af3_models	True	False	True	True	True		100	100	100	100	0	0	0	0						False	False	False	False	2026-05-29T22:36:09-0400	2026-06-04T20:20:20-0400	True	True		0.780172	6orq	0.826446	4ene	0.918919	1qnz
9jqu	filtered_af3_models	True	False	True	True	True		100	100	100	100	0	0	0	0						False	False	False	False	2026-05-29T22:42:18-0400	2026-06-04T20:32:05-0400	True	False	max_vhvl_identity_ge_0.80	0.850877	9l2k	0.883333	7n4l	0.869159	7czu
9jqv	af3_results	True	False	False	True					100											False	False	False	False	2026-05-29T22:48:03-0400	2026-05-29T22:53:18-0400	True	False	max_vhvl_identity_ge_0.80	0.860262	9pwn	0.868852	9pwn	0.953271	7czu
9jzq	af3_results	True	False	False	True					100											False	False	False	False	2026-05-29T22:59:38-0400	2026-05-29T23:05:09-0400	True	True		0.794760	9kef	0.770492	9kef	0.907407	1adq
9kod	af3_results	True	False	False	True					100											False	False	False	False	2026-05-29T23:11:09-0400	2026-05-29T23:17:02-0400	True	False	max_vhvl_identity_ge_0.80	1.000000	8yvk	1.000000	8yvk	1.000000	8yvk
9kve	filtered_af3_models	True	False	True	True	True		100	100	100	100	0	0	0	0						False	False	False	False	2026-05-29T23:23:27-0400	2026-06-04T20:27:53-0400	True	True		0.779167	7swp	0.804688	7dpm	0.810811	7swp
9l1s	af3_results	True	False	False	True					100											False	False	False	False	2026-05-29T23:34:32-0400	2026-05-29T23:40:57-0400	True	False	max_vhvl_identity_ge_0.80	0.991150	1s78	0.983193	1s78	1.000000	1s78
9l6c	filtered_af3_models	True	True	True	True	True	1	100	100	100	100	0	0	0	0	prothunt_conf_gen_results	0	1860			False	False	False	False	2026-06-20T10:53:03-0400	2026-06-24T17:36:39-0400	True	False	max_vhvl_identity_ge_0.80	0.917749	6rp8	0.886179	6rp8	0.972222	9bj3
9lae	filtered_af3_models	True	False	True	True	True		100	100	100	100	0	0	0	0						False	False	False	False	2026-05-29T23:41:00-0400	2026-06-04T20:27:15-0400	True	False	max_vhvl_identity_ge_0.80	1.000000	8iv4	1.000000	8iv4	1.000000	8iv4
9lbs	filtered_af3_models	True	False	True	True	True		100	100	100	100	0	0	0	0						False	False	False	False	2026-05-29T23:46:33-0400	2026-06-04T20:27:45-0400	True	False	max_vhvl_identity_ge_0.80	0.995726	7x1m	0.992126	7soc	1.000000	7x1m
9lyp	filtered_af3_models	True	True	True	True	True	1	100	100	100	100	0	0	0	0	prothunt_conf_gen_results	0	1662			False	False	False	False	2026-06-20T10:59:35-0400	2026-06-24T17:43:35-0400	True	False	max_vhvl_identity_ge_0.80	0.878261	6pzw	0.881890	7rkv	0.936937	7czw
9m7v	af3_results	True	False	False	True					100											False	False	False	False	2026-05-29T23:58:13-0400	2026-05-30T00:04:08-0400	True	False	max_vhvl_identity_ge_0.80	0.823529	2a0l	0.858333	1ken	0.923810	3ab0
9md3	af3_results	True	False	False	True					100											False	False	False	False	2026-05-30T00:10:22-0400	2026-05-30T00:16:17-0400	True	False	max_vhvl_identity_ge_0.80	0.818182	6orq	0.889831	2otu	0.936937	1nsn
9md4	filtered_af3_models	True	False	True	True	True		100	100	100	100	0	0	0	0						False	False	False	False	2026-05-30T00:16:20-0400	2026-06-04T20:34:00-0400	True	False	max_vhvl_identity_ge_0.80	0.813043	9mx1	0.821138	3uyr	0.934579	9mx1
9md5	filtered_af3_models	True	False	True	True	True		37	37	100	37	0	0	0	0						False	False	False	False	2026-05-30T00:22:14-0400	2026-06-04T20:17:31-0400	True	False	max_vhvl_identity_ge_0.80	0.800000	9mx1	0.829268	3uyr	0.925234	9mx1
9md6	filtered_af3_models	True	False	True	True	True		100	100	100	100	0	0	0	0						False	False	False	False	2026-05-30T00:28:00-0400	2026-06-06T17:25:05-0400	True	True		0.764192	5i73	0.795082	9cq7	0.925234	9mx1
9me4	af3_results	True	False	False	True					100											False	False	False	False	2026-05-30T00:33:37-0400	2026-05-30T00:39:42-0400	True	False	max_vhvl_identity_ge_0.80	0.827434	2zjs	0.789916	5i73	0.915888	2zjs
9mer	af3_results	True	False	False	True					100											False	False	False	False	2026-05-30T00:45:36-0400	2026-05-30T00:51:19-0400	True	True		0.793991	2jix	0.761905	2jix	0.878505	1hez
9mew	af3_results	True	False	False	True					100											False	False	False	False	2026-05-30T00:51:22-0400	2026-05-30T00:56:40-0400	True	False	max_vhvl_identity_ge_0.80	1.000000	5w1k	1.000000	5w1k	1.000000	5w1k
9mic	filtered_af3_models	True	True	True	True	True	1	100	100	100	100	0	0	0	0	prothunt_conf_gen_results	0	2250			False	False	False	False	2026-06-20T10:50:55-0400	2026-06-24T18:04:50-0400	True	True		0.799107	7k9z	0.850000	6d2p	0.885714	8gau
9mif	filtered_af3_models	True	False	True	True	True		100	100	100	100	0	0	0	0						False	False	False	False	2026-05-30T01:02:45-0400	2026-06-04T20:32:52-0400	True	True		0.796460	7k9z	0.878049	5if0	0.906542	7czu
9ml1	af3_results	True	False	False	True					100											False	False	False	False	2026-05-30T01:08:20-0400	2026-05-30T01:14:12-0400	True	True		0.779661	3lzf	0.761905	3lzf	0.900901	8siq
9ml4	filtered_af3_models	True	True	True	True	True	1	100	100	100	100	0	0	0	0	prothunt_conf_gen_results	0	1856			False	False	False	False	2026-06-19T01:03:29-0400	2026-06-24T18:11:25-0400	True	True		0.780172	8gzz	0.811475	8gzz	0.761062	9f1i
9ml6	filtered_af3_models	True	True	True	True	True	1	100	100	100	100	0	0	0	0	prothunt_conf_gen_results	0	2155			False	False	False	False	2026-06-20T11:17:28-0400	2026-06-24T18:20:54-0400	True	False	max_vhvl_identity_ge_0.80	0.819328	9f1i	0.798450	8gzz	0.840708	9f1i
9ml8	filtered_af3_models	True	False	True	True	True		100	100	100	100	0	0	0	0						False	False	False	False	2026-05-30T01:14:15-0400	2026-06-04T20:38:02-0400	True	False	max_vhvl_identity_ge_0.80	0.804167	8gzz	0.838462	8gzz	0.818182	9jub
9ml9	filtered_af3_models	True	True	True	True	True	1	100	100	100	100	0	0	0	0	prothunt_conf_gen_results	0	2081			False	False	False	False	2026-06-19T01:21:03-0400	2026-06-24T18:19:21-0400	True	False	max_vhvl_identity_ge_0.80	0.819328	9f1i	0.798450	8gzz	0.840708	9f1i
9mla	af3_results	True	False	False	True					100											False	False	False	False	2026-05-30T01:19:57-0400	2026-05-30T01:25:38-0400	True	True		0.750000	3e8u	0.831933	1tet	0.927928	3bsz
9mq7	af3_results	True	False	False	True					100											False	False	False	False	2026-05-30T01:31:37-0400	2026-05-30T01:37:40-0400	True	True		0.788546	2eks	0.816667	8vul	0.925234	7djz
9mqa	filtered_af3_models	True	False	True	True	True		100	100	100	100	0	0	0	0						False	False	False	False	2026-05-30T01:37:43-0400	2026-06-04T20:40:24-0400	True	False	max_vhvl_identity_ge_0.80	0.840336	9bt5	0.841270	7eng	0.901786	5a3i
9msn	af3_results	True	False	False	True					100											False	False	False	False	2026-05-30T01:49:32-0400	2026-05-30T01:55:13-0400	True	False	max_vhvl_identity_ge_0.80	0.835498	9oaq	0.901639	5if0	0.926606	6o2c
9n0d	af3_results	True	False	False	True					100											False	False	False	False	2026-05-30T02:01:08-0400	2026-05-30T02:07:37-0400	True	True		0.782222	3ab0	0.775000	1him	0.915094	1rvf
9njy	af3_results	True	False	False	True					100											False	False	False	False	2026-05-30T02:13:24-0400	2026-05-30T02:19:27-0400	True	False	max_vhvl_identity_ge_0.80	0.843478	7yv1	0.804878	4xnm	0.943925	9jcy
9nph	af3_results	True	False	False	True					100											False	False	False	False	2026-05-30T02:25:07-0400	2026-05-30T02:30:40-0400	True	True		0.706897	1w72	0.771654	7czu	0.830189	4xnm
9o4n	filtered_af3_models	True	False	True	True	True		100	100	100	100	0	0	0	0						False	False	False	False	2026-05-30T02:30:43-0400	2026-06-04T20:41:42-0400	True	True		0.786611	6wxl	0.808000	9dpc	0.919643	9bt5
9o4o	filtered_af3_models	True	True	True	True	True	1	100	100	100	100	0	0	0	0	prothunt_conf_gen_results	0	2128			False	False	False	False	2026-06-19T01:38:42-0400	2026-06-24T18:26:36-0400	True	True		0.763485	4o58	0.724409	9dpc	0.963303	6pzy
9o4p	filtered_af3_models	True	False	True	True	True		100	100	100	100	0	0	0	0						False	False	False	False	2026-05-30T02:36:46-0400	2026-06-04T20:41:51-0400	True	False	max_vhvl_identity_ge_0.80	0.875536	4xak	0.865079	4xak	0.935185	7bz5
9o4q	af3_results	True	False	False	True					100											False	False	False	False	2026-05-30T02:42:33-0400	2026-05-30T02:48:54-0400	True	False	max_vhvl_identity_ge_0.80	0.832636	6wxl	0.825397	9aug	0.946429	9bt5
9osr	af3_results	True	False	False	True					100											False	False	False	False	2026-05-30T02:59:49-0400	2026-05-30T03:05:43-0400	True	False	max_vhvl_identity_ge_0.80	0.822785	6lxj	0.804878	7k9z	0.853211	6lxi
9p4c	af3_results	True	False	False	True					100											False	False	False	False	2026-05-30T03:11:34-0400	2026-05-30T03:16:54-0400	True	True		0.750000	9f1i	0.776786	8yhz	0.796460	9f1i
9ptm	af3_results	True	False	False	True					100											False	False	False	False	2026-05-30T03:23:30-0400	2026-05-30T03:29:43-0400	True	False	max_vhvl_identity_ge_0.80	0.827434	2zjs	0.789916	5i73	0.915888	2zjs
9pzv	af3_results	True	False	False	True					100											False	False	False	False	2026-05-30T03:35:00-0400	2026-05-30T03:40:38-0400	True	True		0.719828	5kvd	0.805085	1ct8	0.815789	1pkq
9rm2	af3_results	True	False	False	True					100											False	False	False	False	2026-05-30T03:46:40-0400	2026-05-30T03:52:30-0400	True	True		0.795652	9mqd	0.801653	7kqe	0.925926	6o2c
9uaa	af3_results	True	False	False	True					100											False	False	False	False	2026-05-30T03:58:50-0400	2026-05-30T04:04:31-0400	True	False	max_vhvl_identity_ge_0.80	0.802575	4yk4	0.779528	4yk4	0.869159	4xak
9uxd	af3_results	True	False	False	True					100											False	False	False	False	2026-05-30T04:04:35-0400	2026-05-30T04:10:12-0400	True	False	max_vhvl_identity_ge_0.80	1.000000	9uxe	1.000000	9uxe	1.000000	9uxe
9z3q	af3_results	True	False	False	True					100											False	False	False	False	2026-05-30T04:16:14-0400	2026-05-30T04:22:16-0400	True	False	max_vhvl_identity_ge_0.80	0.817021	6xq4	0.837398	7ley	0.938053	7czy
